<?xml version="1.0"?>
<!DOCTYPE hibernate-mapping PUBLIC
        "-//Hibernate/Hibernate Mapping DTD 3.0//EN"
        "http://hibernate.sourceforge.net/hibernate-mapping-3.0.dtd">
<hibernate-mapping>
	<class name="de.dis2013.data.Person" table="personen">
		<id name="id" column="id">
			<generator class="native" />
		</id>
		<property name="vorname" type="string" column="vorname" />
		<property name="nachname" type="string" column="nachname" />
		<property name="adresse" type="string" column="adresse" />
	</class>
</hibernate-mapping>