<?xml version='1.0' encoding='utf-8'?>
<!DOCTYPE hibernate-configuration PUBLIC
        "-//Hibernate/Hibernate Configuration DTD 3.0//EN"
        "http://hibernate.sourceforge.net/hibernate-configuration-3.0.dtd">

<hibernate-configuration>
	<session-factory>
		<property name="connection.driver_class">org.apache.derby.jdbc.EmbeddedDriver</property>
		<property name="connection.url">jdbc:derby:DerbyDB;create=true</property>
		<property name="connection.username">admin</property>
		<property name="connection.password">geheim</property>

		<property name="dialect">org.hibernate.dialect.DerbyDialect</property>
		<property name="current_session_context_class">thread</property>
		<property name="cache.provider_class">org.hibernate.cache.NoCacheProvider</property>
		<property name="show_sql">true</property>

		<!-- Drop and re-create the database schema on startup -->
		<property name="hbm2ddl.auto">update</property>

		<mapping resource="de/dis2013/data/mapping/Person.hbm.xml" />
		<mapping resource="de/dis2013/data/mapping/Makler.hbm.xml" />
		<mapping resource="de/dis2013/data/mapping/Immobilie.hbm.xml" />
	</session-factory>
</hibernate-configuration>
